-- MariaDB dump 10.19  Distrib 10.11.3-MariaDB, for debian-linux-gnu (x86_64)
--
-- Host: localhost    Database: mysitedb
-- ------------------------------------------------------
-- Server version	10.11.3-MariaDB-1

/*!40101 SET @OLD_CHARACTER_SET_CLIENT=@@CHARACTER_SET_CLIENT */;
/*!40101 SET @OLD_CHARACTER_SET_RESULTS=@@CHARACTER_SET_RESULTS */;
/*!40101 SET @OLD_COLLATION_CONNECTION=@@COLLATION_CONNECTION */;
/*!40101 SET NAMES utf8mb4 */;
/*!40103 SET @OLD_TIME_ZONE=@@TIME_ZONE */;
/*!40103 SET TIME_ZONE='+00:00' */;
/*!40014 SET @OLD_UNIQUE_CHECKS=@@UNIQUE_CHECKS, UNIQUE_CHECKS=0 */;
/*!40014 SET @OLD_FOREIGN_KEY_CHECKS=@@FOREIGN_KEY_CHECKS, FOREIGN_KEY_CHECKS=0 */;
/*!40101 SET @OLD_SQL_MODE=@@SQL_MODE, SQL_MODE='NO_AUTO_VALUE_ON_ZERO' */;
/*!40111 SET @OLD_SQL_NOTES=@@SQL_NOTES, SQL_NOTES=0 */;

--
-- Table structure for table `tComentarios`
--

DROP TABLE IF EXISTS `tComentarios`;
/*!40101 SET @saved_cs_client     = @@character_set_client */;
/*!40101 SET character_set_client = utf8 */;
CREATE TABLE `tComentarios` (
  `id` int(11) NOT NULL AUTO_INCREMENT,
  `comentario` varchar(2000) DEFAULT NULL,
  `usuario_id` int(11) DEFAULT NULL,
  `juego_id` int(11) NOT NULL,
  PRIMARY KEY (`id`),
  KEY `usuario_id` (`usuario_id`),
  KEY `juego_id` (`juego_id`),
  CONSTRAINT `tComentarios_ibfk_1` FOREIGN KEY (`usuario_id`) REFERENCES `tUsuarios` (`id`),
  CONSTRAINT `tComentarios_ibfk_2` FOREIGN KEY (`juego_id`) REFERENCES `tJuegos` (`id`)
) ENGINE=InnoDB AUTO_INCREMENT=6 DEFAULT CHARSET=utf8mb4 COLLATE=utf8mb4_general_ci;
/*!40101 SET character_set_client = @saved_cs_client */;

--
-- Dumping data for table `tComentarios`
--

LOCK TABLES `tComentarios` WRITE;
/*!40000 ALTER TABLE `tComentarios` DISABLE KEYS */;
INSERT INTO `tComentarios` VALUES
(1,'Un gran juego',1,4),
(2,'Mi juego favorito sin duda',2,5),
(3,'PokemonGo es muy divertido',3,6),
(4,'El minecraft es el juego supremo',4,7),
(5,'Prefiero jugar Minecraft',5,8);
/*!40000 ALTER TABLE `tComentarios` ENABLE KEYS */;
UNLOCK TABLES;

--
-- Table structure for table `tJuegos`
--

DROP TABLE IF EXISTS `tJuegos`;
/*!40101 SET @saved_cs_client     = @@character_set_client */;
/*!40101 SET character_set_client = utf8 */;
CREATE TABLE `tJuegos` (
  `id` int(11) NOT NULL AUTO_INCREMENT,
  `nombre` varchar(50) DEFAULT NULL,
  `url_imagen` varchar(700) DEFAULT NULL,
  `añolanzamiento` int(11) DEFAULT NULL,
  `categoría` varchar(200) DEFAULT NULL,
  PRIMARY KEY (`id`)
) ENGINE=InnoDB AUTO_INCREMENT=9 DEFAULT CHARSET=utf8mb4 COLLATE=utf8mb4_general_ci;
/*!40101 SET character_set_client = @saved_cs_client */;

--
-- Dumping data for table `tJuegos`
--

LOCK TABLES `tJuegos` WRITE;
/*!40000 ALTER TABLE `tJuegos` DISABLE KEYS */;
INSERT INTO `tJuegos` VALUES
(4,'League of Legends','https://theme.zdassets.com/theme_assets/43400/87a1ef48e43b8cf114017e3ad51b801951b20fcf.jpg',2009,'MOBA'),
(5,'CallOfDutyMW2','https://cdn.cloudflare.steamstatic.com/steam/apps/1938090/header.jpg?t=1697134245',2009,'FPS'),
(6,'PokemonGo','https://www.pokemon.com/static-assets/content-assets/cms2/img/video-games/_tiles/pokemon-go/2023/09052023/pokemon-go-169.png',2016,'AR'),
(7,'Minecraft','https://www.minecraft.net/content/dam/games/minecraft/key-art/SUPM_Game-Image_One-Vanilla_672x400.jpg',2011,'Sandbox'),
(8,'Roblox','https://doplay.es/wp-content/uploads/2020/10/Roblox-GamersRD.jpeg',2006,'Multijugador');
/*!40000 ALTER TABLE `tJuegos` ENABLE KEYS */;
UNLOCK TABLES;

--
-- Table structure for table `tUsuarios`
--

DROP TABLE IF EXISTS `tUsuarios`;
/*!40101 SET @saved_cs_client     = @@character_set_client */;
/*!40101 SET character_set_client = utf8 */;
CREATE TABLE `tUsuarios` (
  `id` int(11) NOT NULL AUTO_INCREMENT,
  `nombre` varchar(50) DEFAULT NULL,
  `apellidos` varchar(100) DEFAULT NULL,
  `email` varchar(200) DEFAULT NULL,
  `contraseña` varchar(200) DEFAULT NULL,
  PRIMARY KEY (`id`),
  UNIQUE KEY `email` (`email`)
) ENGINE=InnoDB AUTO_INCREMENT=6 DEFAULT CHARSET=utf8mb4 COLLATE=utf8mb4_general_ci;
/*!40101 SET character_set_client = @saved_cs_client */;

--
-- Dumping data for table `tUsuarios`
--

LOCK TABLES `tUsuarios` WRITE;
/*!40000 ALTER TABLE `tUsuarios` DISABLE KEYS */;
INSERT INTO `tUsuarios` VALUES
(1,'Nath','Rey','natasha@rey.com','contraseñadenath'),
(2,'Naru','DeDiego','naru@dediego.com','contraseñadenaru'),
(3,'Santi','Mirones','santi@mirones.com','contraseñadesanti'),
(4,'Marta','Kekko','marta@kekko.com','contraseñademarta'),
(5,'Cris','David','cris@david.com','contraseñadecris');
/*!40000 ALTER TABLE `tUsuarios` ENABLE KEYS */;
UNLOCK TABLES;
/*!40103 SET TIME_ZONE=@OLD_TIME_ZONE */;

/*!40101 SET SQL_MODE=@OLD_SQL_MODE */;
/*!40014 SET FOREIGN_KEY_CHECKS=@OLD_FOREIGN_KEY_CHECKS */;
/*!40014 SET UNIQUE_CHECKS=@OLD_UNIQUE_CHECKS */;
/*!40101 SET CHARACTER_SET_CLIENT=@OLD_CHARACTER_SET_CLIENT */;
/*!40101 SET CHARACTER_SET_RESULTS=@OLD_CHARACTER_SET_RESULTS */;
/*!40101 SET COLLATION_CONNECTION=@OLD_COLLATION_CONNECTION */;
/*!40111 SET SQL_NOTES=@OLD_SQL_NOTES */;

-- Dump completed on 2023-10-17 12:57:49
